[
  {"title": "Nothing Else Matters", "artist": "Metallica", "mood": "peaceful", "genre": "Ballad", "decade": "1990s"},
  {"title": "November Rain", "artist": "Guns N' Roses", "mood": "emotional", "genre": "Ballad", "decade": "1990s"},
  {"title": "Still Loving You", "artist": "Scorpions", "mood": "emotional", "genre": "Ballad", "decade": "1980s"},
  {"title": "Wind of Change", "artist": "Scorpions", "mood": "peaceful", "genre": "Ballad", "decade": "1990s"},
  {"title": "Is This Love", "artist": "Whitesnake", "mood": "peaceful", "genre": "Ballad", "decade": "1980s"},
  {"title": "Love Hurts", "artist": "Nazareth", "mood": "sad", "genre": "Ballad", "decade": "1970s"},
  {"title": "Carrie", "artist": "Europe", "mood": "emotional", "genre": "Ballad", "decade": "1980s"},
  {"title": "Alone", "artist": "Heart", "mood": "emotional", "genre": "Ballad", "decade": "1980s"},
  {"title": "These Dreams", "artist": "Heart", "mood": "peaceful", "genre": "Ballad", "decade": "1980s"},
  {"title": "Open Arms", "artist": "Journey", "mood": "peaceful", "genre": "Ballad", "decade": "1980s"},
  {"title": "Faithfully", "artist": "Journey", "mood": "peaceful", "genre": "Ballad", "decade": "1980s"},
  {"title": "Don't Cry", "artist": "Guns N' Roses", "mood": "emotional", "genre": "Ballad", "decade": "1990s"},
  {"title": "To Be With You", "artist": "Mr. Big", "mood": "peaceful", "genre": "Ballad", "decade": "1990s"},
  {"title": "Patience", "artist": "Guns N' Roses", "mood": "peaceful", "genre": "Ballad", "decade": "1990s"},
  {"title": "Forever", "artist": "KISS", "mood": "peaceful", "genre": "Ballad", "decade": "1980s"},
  {"title": "Every Rose Has Its Thorn", "artist": "Poison", "mood": "emotional", "genre": "Ballad", "decade": "1980s"},
  {"title": "Heaven", "artist": "Warrant", "mood": "peaceful", "genre": "Ballad", "decade": "1980s"},
  {"title": "When the Children Cry", "artist": "White Lion", "mood": "sad", "genre": "Ballad", "decade": "1980s"},
  {"title": "Silent Lucidity", "artist": "Queensr?che", "mood": "peaceful", "genre": "Ballad", "decade": "1990s"},
  {"title": "I Remember You", "artist": "Skid Row", "mood": "emotional", "genre": "Ballad", "decade": "1980s"},
  {"title": "I'll Be There for You", "artist": "Bon Jovi", "mood": "emotional", "genre": "Ballad", "decade": "1980s"},
  {"title": "Bed of Roses", "artist": "Bon Jovi", "mood": "peaceful", "genre": "Ballad", "decade": "1990s"},
  {"title": "Always", "artist": "Bon Jovi", "mood": "emotional", "genre": "Ballad", "decade": "1990s"},
  {"title": "Never Say Goodbye", "artist": "Bon Jovi", "mood": "peaceful", "genre": "Ballad", "decade": "1980s"},
  {"title": "Angel", "artist": "Aerosmith", "mood": "peaceful", "genre": "Ballad", "decade": "1980s"},
  {"title": "Amazing", "artist": "Aerosmith", "mood": "emotional", "genre": "Ballad", "decade": "1990s"},
  {"title": "Crying", "artist": "Aerosmith", "mood": "emotional", "genre": "Ballad", "decade": "1990s"},
  {"title": "Crazy", "artist": "Aerosmith", "mood": "good vibes", "genre": "Ballad", "decade": "1990s"},
  {"title": "What It Takes", "artist": "Aerosmith", "mood": "peaceful", "genre": "Ballad", "decade": "1990s"},
  {"title": "Changes", "artist": "Ozzy Osbourne", "mood": "sad", "genre": "Ballad", "decade": "1990s"},
  {"title": "Mama, I'm Coming Home", "artist": "Ozzy Osbourne", "mood": "peaceful", "genre": "Ballad", "decade": "1990s"},
  {"title": "Goodbye to Romance", "artist": "Ozzy Osbourne", "mood": "peaceful", "genre": "Ballad", "decade": "1980s"},
  {"title": "Seasons of Wither", "artist": "Aerosmith", "mood": "peaceful", "genre": "Ballad", "decade": "1970s"},
  {"title": "Simple Man", "artist": "Lynyrd Skynyrd", "mood": "peaceful", "genre": "Ballad", "decade": "1970s"},
  {"title": "Free Bird", "artist": "Lynyrd Skynyrd", "mood": "peaceful", "genre": "Ballad", "decade": "1970s"},
  {"title": "Melissa", "artist": "The Allman Brothers Band", "mood": "peaceful", "genre": "Ballad", "decade": "1970s"},
  {"title": "Sister Christian", "artist": "Night Ranger", "mood": "peaceful", "genre": "Ballad", "decade": "1980s"},
  {"title": "When I See You Smile", "artist": "Bad English", "mood": "peaceful", "genre": "Ballad", "decade": "1980s"},
  {"title": "Love Song", "artist": "Tesla", "mood": "emotional", "genre": "Ballad", "decade": "1990s"},
  {"title": "Signs (Acoustic)", "artist": "Tesla", "mood": "peaceful", "genre": "Ballad", "decade": "1990s"},
  {"title": "House of Pain", "artist": "Faster Pussycat", "mood": "sad", "genre": "Ballad", "decade": "1980s"},
  {"title": "Miles Away", "artist": "Winger", "mood": "peaceful", "genre": "Ballad", "decade": "1990s"},
  {"title": "Headed for a Heartbreak", "artist": "Winger", "mood": "emotional", "genre": "Ballad", "decade": "1990s"},
  {"title": "When Love and Hate Collide", "artist": "Def Leppard", "mood": "emotional", "genre": "Ballad", "decade": "1990s"},
  {"title": "Two Steps Behind", "artist": "Def Leppard", "mood": "peaceful", "genre": "Ballad", "decade": "1990s"},
  {"title": "Miss You in a Heartbeat", "artist": "Def Leppard", "mood": "peaceful", "genre": "Ballad", "decade": "1990s"},
  {"title": "Bringing on the Heartbreak (Acoustic)", "artist": "Def Leppard", "mood": "emotional", "genre": "Ballad", "decade": "1990s"},
  {"title": "Love Bites", "artist": "Def Leppard", "mood": "emotional", "genre": "Ballad", "decade": "1980s"}
]