[
  {"title": "Titanium", "artist": "David Guetta ft. Sia", "decade": "2010s", "genre": "Dance", "mood": "powerful"},
  {"title": "Wake Me Up", "artist": "Avicii", "decade": "2010s", "genre": "Dance", "mood": "motivational"},
  {"title": "Lean On", "artist": "Major Lazer & DJ Snake", "decade": "2010s", "genre": "Dance", "mood": "good vibes"},
  {"title": "Levels", "artist": "Avicii", "decade": "2010s", "genre": "Dance", "mood": "dance"},
  {"title": "Don't You Worry Child", "artist": "Swedish House Mafia", "decade": "2010s", "genre": "Dance", "mood": "emotional"},
  {"title": "Turn Down for What", "artist": "DJ Snake & Lil Jon", "decade": "2010s", "genre": "Dance", "mood": "powerful"},
  {"title": "Summer", "artist": "Calvin Harris", "decade": "2010s", "genre": "Dance", "mood": "good vibes"},
  {"title": "We Found Love", "artist": "Rihanna ft. Calvin Harris", "decade": "2010s", "genre": "Dance", "mood": "emotional"},
  {"title": "On The Floor", "artist": "Jennifer Lopez ft. Pitbull", "decade": "2010s", "genre": "Dance", "mood": "dance"},
  {"title": "Party Rock Anthem", "artist": "LMFAO", "decade": "2010s", "genre": "Dance", "mood": "dance"},
  {"title": "Clarity", "artist": "Zedd ft. Foxes", "decade": "2010s", "genre": "Dance", "mood": "emotional"},
  {"title": "Animals", "artist": "Martin Garrix", "decade": "2010s", "genre": "Dance", "mood": "powerful"},
  {"title": "Stolen Dance", "artist": "Milky Chance", "decade": "2010s", "genre": "Dance", "mood": "peaceful"},
  {"title": "This Girl", "artist": "Kungs vs Cookin' on 3 Burners", "decade": "2010s", "genre": "Dance", "mood": "good vibes"},
  {"title": "Rather Be", "artist": "Clean Bandit ft. Jess Glynne", "decade": "2010s", "genre": "Dance", "mood": "romantic"},
  {"title": "Faded", "artist": "ZHU", "decade": "2010s", "genre": "Dance", "mood": "peaceful"},
  {"title": "How Deep Is Your Love", "artist": "Calvin Harris & Disciples", "decade": "2010s", "genre": "Dance", "mood": "romantic"},
  {"title": "Intoxicated", "artist": "Martin Solveig & GTA", "decade": "2010s", "genre": "Dance", "mood": "good vibes"},
  {"title": "Sugar", "artist": "Robin Schulz ft. Francesco Yates", "decade": "2010s", "genre": "Dance", "mood": "happy"},
  {"title": "Firestone", "artist": "Kygo ft. Conrad Sewell", "decade": "2010s", "genre": "Dance", "mood": "peaceful"},
  {"title": "It Ain't Me", "artist": "Kygo & Selena Gomez", "decade": "2010s", "genre": "Dance", "mood": "emotional"},
  {"title": "Ocean Drive", "artist": "Duke Dumont", "decade": "2010s", "genre": "Dance", "mood": "peaceful"},
  {"title": "Stay", "artist": "Zedd & Alessia Cara", "decade": "2010s", "genre": "Dance", "mood": "romantic"},
  {"title": "Waiting All Night", "artist": "Rudimental ft. Ella Eyre", "decade": "2010s", "genre": "Dance", "mood": "motivational"},
  {"title": "I'm an Albatraoz", "artist": "AronChupa", "decade": "2010s", "genre": "Dance", "mood": "dance"},
  {"title": "Take ? There", "artist": "Jack ? ft. Kiesza", "decade": "2010s", "genre": "Dance", "mood": "dance"},
  {"title": "Bailando", "artist": "Enrique Iglesias", "decade": "2010s", "genre": "Dance", "mood": "romantic"},
  {"title": "Cheerleader", "artist": "OMI", "decade": "2010s", "genre": "Dance", "mood": "happy"},
  {"title": "Call on Me", "artist": "Eric Prydz", "decade": "2000s", "genre": "Dance", "mood": "motivational"},
  {"title": "Everytime We Touch", "artist": "Cascada", "decade": "2000s", "genre": "Dance", "mood": "romantic"},
  {"title": "Sandstorm", "artist": "Darude", "decade": "2000s", "genre": "Dance", "mood": "instrumental"},
  {"title": "Satisfaction", "artist": "Benny Benassi", "decade": "2000s", "genre": "Dance", "mood": "powerful"},
  {"title": "Hung Up", "artist": "Madonna", "decade": "2000s", "genre": "Dance", "mood": "dance"},
  {"title": "Evacuate the Dancefloor", "artist": "Cascada", "decade": "2000s", "genre": "Dance", "mood": "dance"},
  {"title": "Destination Calabria", "artist": "Alex Gaudino", "decade": "2000s", "genre": "Dance", "mood": "good vibes"},
  {"title": "One More Time", "artist": "Daft Punk", "decade": "2000s", "genre": "Dance", "mood": "good vibes"},
  {"title": "Blue (Da Ba Dee)", "artist": "Eiffel 65", "decade": "2000s", "genre": "Dance", "mood": "happy"},
  {"title": "I'm Blue", "artist": "Eiffel 65", "decade": "2000s", "genre": "Dance", "mood": "happy"},
  {"title": "Silence", "artist": "Delerium ft. Sarah McLachlan", "decade": "2000s", "genre": "Dance", "mood": "peaceful"},
  {"title": "Heaven", "artist": "DJ Sammy", "decade": "2000s", "genre": "Dance", "mood": "romantic"},
  {"title": "L'Amour Toujours", "artist": "Gigi D'Agostino", "decade": "2000s", "genre": "Dance", "mood": "romantic"},
  {"title": "Listen to Your Heart", "artist": "DHT", "decade": "2000s", "genre": "Dance", "mood": "romantic"},
  {"title": "Better Off Alone", "artist": "Alice Deejay", "decade": "2000s", "genre": "Dance", "mood": "emotional"},
  {"title": "Castles in the Sky", "artist": "Ian Van Dahl", "decade": "2000s", "genre": "Dance", "mood": "peaceful"},
  {"title": "Take Me Away", "artist": "4 Strings", "decade": "2000s", "genre": "Dance", "mood": "peaceful"},
  {"title": "Adagio for Strings", "artist": "Tiesto", "decade": "2000s", "genre": "Dance", "mood": "instrumental"},
  {"title": "Red Lights", "artist": "Tiesto", "decade": "2010s", "genre": "Dance", "mood": "good vibes"},
  {"title": "Boom", "artist": "Tujamo & Danny Avila", "decade": "2010s", "genre": "Dance", "mood": "dance"},
  {"title": "Tsunami", "artist": "DVBBS & Borgeous", "decade": "2010s", "genre": "Dance", "mood": "powerful"},
  {"title": "Shot Me Down", "artist": "David Guetta ft. Skylar Grey", "decade": "2010s", "genre": "Dance", "mood": "emotional"},
  {"title": "Hey Brother", "artist": "Avicii", "decade": "2010s", "genre": "Dance", "mood": "emotional"},
  {"title": "The Nights", "artist": "Avicii", "decade": "2010s", "genre": "Dance", "mood": "motivational"},
  {"title": "Let Me Love You", "artist": "DJ Snake ft. Justin Bieber", "decade": "2010s", "genre": "Dance", "mood": "romantic"},
  {"title": "Light It Up", "artist": "Major Lazer ft. Nyla & Fuse ODG", "decade": "2010s", "genre": "Dance", "mood": "dance"},
  {"title": "Sweet Nothing", "artist": "Calvin Harris ft. Florence Welch", "decade": "2010s", "genre": "Dance", "mood": "emotional"},
  {"title": "Get Low", "artist": "Dillon Francis & DJ Snake", "decade": "2010s", "genre": "Dance", "mood": "dance"},
  {"title": "Middle", "artist": "DJ Snake ft. Bipolar Sunshine", "decade": "2010s", "genre": "Dance", "mood": "peaceful"},
  {"title": "Scared to Be Lonely", "artist": "Martin Garrix & Dua Lipa", "decade": "2010s", "genre": "Dance", "mood": "emotional"},
  {"title": "2U", "artist": "David Guetta ft. Justin Bieber", "decade": "2010s", "genre": "Dance", "mood": "romantic"},
  {"title": "Paris", "artist": "The Chainsmokers", "decade": "2010s", "genre": "Dance", "mood": "peaceful"},
  {"title": "Something Just Like This", "artist": "The Chainsmokers & Coldplay", "decade": "2010s", "genre": "Dance", "mood": "motivational"},
  {"title": "Closer", "artist": "The Chainsmokers ft. Halsey", "decade": "2010s", "genre": "Dance", "mood": "romantic"},
  {"title": "Selfie", "artist": "The Chainsmokers", "decade": "2010s", "genre": "Dance", "mood": "dance"},
  {"title": "Boom Clap", "artist": "Charli XCX", "decade": "2010s", "genre": "Dance", "mood": "happy"},
  {"title": "Runaway (U & I)", "artist": "Galantis", "decade": "2010s", "genre": "Dance", "mood": "happy"},
  {"title": "Peanut Butter Jelly", "artist": "Galantis", "decade": "2010s", "genre": "Dance", "mood": "good vibes"},
  {"title": "Gold Dust", "artist": "Galantis", "decade": "2010s", "genre": "Dance", "mood": "good vibes"},
  {"title": "No Money", "artist": "Galantis", "decade": "2010s", "genre": "Dance", "mood": "happy"},
  {"title": "You", "artist": "Galantis", "decade": "2010s", "genre": "Dance", "mood": "romantic"},
  {"title": "My Head Is a Jungle", "artist": "Wankelmut & Emma Louise", "decade": "2010s", "genre": "Dance", "mood": "peaceful"},
  {"title": "Prayer in C", "artist": "Lilly Wood & The Prick", "decade": "2010s", "genre": "Dance", "mood": "peaceful"},
  {"title": "Sun Goes Down", "artist": "Robin Schulz ft. Jasmine Thompson", "decade": "2010s", "genre": "Dance", "mood": "peaceful"},
  {"title": "Waves", "artist": "Mr. Probz (Robin Schulz Remix)", "decade": "2010s", "genre": "Dance", "mood": "peaceful"},
  {"title": "Headlights", "artist": "Robin Schulz ft. Ilsey", "decade": "2010s", "genre": "Dance", "mood": "peaceful"},
  {"title": "Sugar", "artist": "Robin Schulz ft. Francesco Yates", "decade": "2010s", "genre": "Dance", "mood": "happy"},
  {"title": "Ain't Nobody (Loves Me Better)", "artist": "Felix Jaehn ft. Jasmine Thompson", "decade": "2010s", "genre": "Dance", "mood": "romantic"},
  {"title": "Cool", "artist": "Alesso", "decade": "2010s", "genre": "Dance", "mood": "good vibes"},
  {"title": "Heroes (We Could Be)", "artist": "Alesso ft. Tove Lo", "decade": "2010s", "genre": "Dance", "mood": "motivational"},
  {"title": "If I Lose Myself", "artist": "Alesso vs OneRepublic", "decade": "2010s", "genre": "Dance", "mood": "motivational"},
  {"title": "Under Control", "artist": "Calvin Harris & Alesso", "decade": "2010s", "genre": "Dance", "mood": "motivational"},
  {"title": "Silhouettes", "artist": "Avicii", "decade": "2010s", "genre": "Dance", "mood": "peaceful"}
]