[
  {"title": "Stayin' Alive", "artist": "Bee Gees", "decade": "1970s", "genre": "Disco", "mood": "dance"},
  {"title": "Le Freak", "artist": "Chic", "decade": "1970s", "genre": "Disco", "mood": "dance"},
  {"title": "I Will Survive", "artist": "Gloria Gaynor", "decade": "1970s", "genre": "Disco", "mood": "motivational"},
  {"title": "Funky Town", "artist": "Lipps Inc.", "decade": "1980s", "genre": "Disco", "mood": "dance"},
  {"title": "Disco Inferno", "artist": "The Trammps", "decade": "1970s", "genre": "Disco", "mood": "dance"},
  {"title": "Last Dance", "artist": "Donna Summer", "decade": "1970s", "genre": "Disco", "mood": "emotional"},
  {"title": "Boogie Wonderland", "artist": "Earth, Wind & Fire", "decade": "1970s", "genre": "Disco", "mood": "good vibes"},
  {"title": "Hot Stuff", "artist": "Donna Summer", "decade": "1970s", "genre": "Disco", "mood": "powerful"},
  {"title": "Got to Be Real", "artist": "Cheryl Lynn", "decade": "1970s", "genre": "Disco", "mood": "dance"},
  {"title": "Shake Your Groove Thing", "artist": "Peaches & Herb", "decade": "1970s", "genre": "Disco", "mood": "good vibes"},
  {"title": "You Should Be Dancing", "artist": "Bee Gees", "decade": "1970s", "genre": "Disco", "mood": "dance"},
  {"title": "Ring My Bell", "artist": "Anita Ward", "decade": "1970s", "genre": "Disco", "mood": "good vibes"},
  {"title": "Love Hangover", "artist": "Diana Ross", "decade": "1970s", "genre": "Disco", "mood": "emotional"},
  {"title": "Don't Leave Me This Way", "artist": "Thelma Houston", "decade": "1970s", "genre": "Disco", "mood": "emotional"},
  {"title": "Dancing Queen", "artist": "ABBA", "decade": "1970s", "genre": "Disco", "mood": "good vibes"},
  {"title": "Shadow Dancing", "artist": "Andy Gibb", "decade": "1970s", "genre": "Disco", "mood": "dance"},
  {"title": "Upside Down", "artist": "Diana Ross", "decade": "1980s", "genre": "Disco", "mood": "dance"},
  {"title": "He's the Greatest Dancer", "artist": "Sister Sledge", "decade": "1970s", "genre": "Disco", "mood": "good vibes"},
  {"title": "More Than a Woman", "artist": "Bee Gees", "decade": "1970s", "genre": "Disco", "mood": "romantic"},
  {"title": "Night Fever", "artist": "Bee Gees", "decade": "1970s", "genre": "Disco", "mood": "dance"},
  {"title": "Love Rollercoaster", "artist": "Ohio Players", "decade": "1970s", "genre": "Disco", "mood": "dance"},
  {"title": "A Fifth of Beethoven", "artist": "Walter Murphy", "decade": "1970s", "genre": "Disco", "mood": "instrumental"},
  {"title": "Got to Give It Up", "artist": "Marvin Gaye", "decade": "1970s", "genre": "Disco", "mood": "good vibes"},
  {"title": "Lady Marmalade", "artist": "Labelle", "decade": "1970s", "genre": "Disco", "mood": "powerful"},
  {"title": "That's the Way (I Like It)", "artist": "KC and the Sunshine Band", "decade": "1970s", "genre": "Disco", "mood": "dance"},
  {"title": "Keep on Dancin'", "artist": "Gary's Gang", "decade": "1970s", "genre": "Disco", "mood": "dance"},
  {"title": "I Love the Nightlife", "artist": "Alicia Bridges", "decade": "1970s", "genre": "Disco", "mood": "good vibes"},
  {"title": "Car Wash", "artist": "Rose Royce", "decade": "1970s", "genre": "Disco", "mood": "dance"},
  {"title": "Born to Be Alive", "artist": "Patrick Hernandez", "decade": "1970s", "genre": "Disco", "mood": "motivational"},
  {"title": "Turn the Beat Around", "artist": "Vicki Sue Robinson", "decade": "1970s", "genre": "Disco", "mood": "dance"},
  {"title": "I'm Every Woman", "artist": "Chaka Khan", "decade": "1970s", "genre": "Disco", "mood": "powerful"},
  {"title": "Y.M.C.A.", "artist": "Village People", "decade": "1970s", "genre": "Disco", "mood": "dance"},
  {"title": "Macho Man", "artist": "Village People", "decade": "1970s", "genre": "Disco", "mood": "good vibes"},
  {"title": "Boogie Oogie Oogie", "artist": "A Taste of Honey", "decade": "1970s", "genre": "Disco", "mood": "dance"},
  {"title": "Don't Stop 'Til You Get Enough", "artist": "Michael Jackson", "decade": "1970s", "genre": "Disco", "mood": "dance"},
  {"title": "Rock Your Baby", "artist": "George McCrae", "decade": "1970s", "genre": "Disco", "mood": "romantic"},
  {"title": "Get Down Tonight", "artist": "KC and the Sunshine Band", "decade": "1970s", "genre": "Disco", "mood": "dance"},
  {"title": "We Are Family", "artist": "Sister Sledge", "decade": "1970s", "genre": "Disco", "mood": "good vibes"},
  {"title": "Heaven Must Be Missing an Angel", "artist": "Tavares", "decade": "1970s", "genre": "Disco", "mood": "romantic"},
  {"title": "Love to Love You Baby", "artist": "Donna Summer", "decade": "1970s", "genre": "Disco", "mood": "romantic"},
  {"title": "Shake Your Body (Down to the Ground)", "artist": "The Jacksons", "decade": "1970s", "genre": "Disco", "mood": "dance"},
  {"title": "Young Hearts Run Free", "artist": "Candi Staton", "decade": "1970s", "genre": "Disco", "mood": "motivational"},
  {"title": "I Can't Stand the Rain", "artist": "Eruption", "decade": "1970s", "genre": "Disco", "mood": "emotional"},
  {"title": "Relight My Fire", "artist": "Dan Hartman", "decade": "1970s", "genre": "Disco", "mood": "powerful"},
  {"title": "Best of My Love", "artist": "The Emotions", "decade": "1970s", "genre": "Disco", "mood": "good vibes"},
  {"title": "Dance, Dance, Dance", "artist": "Chic", "decade": "1970s", "genre": "Disco", "mood": "dance"},
  {"title": "Ain't No Stoppin' Us Now", "artist": "McFadden & Whitehead", "decade": "1970s", "genre": "Disco", "mood": "motivational"},
  {"title": "On the Radio", "artist": "Donna Summer", "decade": "1980s", "genre": "Disco", "mood": "emotional"},
  {"title": "Super Freak", "artist": "Rick James", "decade": "1980s", "genre": "Disco", "mood": "dance"},
  {"title": "Body Talk", "artist": "Imagination", "decade": "1980s", "genre": "Disco", "mood": "romantic"},
  {"title": "I Can't Wait", "artist": "Nu Shooz", "decade": "1980s", "genre": "Disco", "mood": "good vibes"},
  {"title": "Don't Let Go", "artist": "En Vogue", "decade": "1990s", "genre": "Disco", "mood": "emotional"},
  {"title": "Finally", "artist": "CeCe Peniston", "decade": "1990s", "genre": "Disco", "mood": "dance"},
  {"title": "I'm So Excited", "artist": "Pointer Sisters", "decade": "1980s", "genre": "Disco", "mood": "good vibes"},
  {"title": "Freak-A-Zoid", "artist": "Midnight Star", "decade": "1980s", "genre": "Disco", "mood": "dance"},
  {"title": "Love Come Down", "artist": "Evelyn King", "decade": "1980s", "genre": "Disco", "mood": "romantic"},
  {"title": "All Night Long", "artist": "Mary Jane Girls", "decade": "1980s", "genre": "Disco", "mood": "good vibes"},
  {"title": "Get Lucky", "artist": "Daft Punk", "decade": "2010s", "genre": "Disco", "mood": "dance"},
  {"title": "Treasure", "artist": "Bruno Mars", "decade": "2010s", "genre": "Disco", "mood": "good vibes"},
  {"title": "Blame It on the Boogie", "artist": "The Jacksons", "decade": "1970s", "genre": "Disco", "mood": "dance"},
  {"title": "September", "artist": "Earth, Wind & Fire", "decade": "1970s", "genre": "Disco", "mood": "good vibes"},
  {"title": "Give It to Me Baby", "artist": "Rick James", "decade": "1980s", "genre": "Disco", "mood": "dance"},
  {"title": "Instant Replay", "artist": "Dan Hartman", "decade": "1970s", "genre": "Disco", "mood": "dance"},
  {"title": "Boogie Shoes", "artist": "KC and the Sunshine Band", "decade": "1970s", "genre": "Disco", "mood": "dance"},
  {"title": "Love Train", "artist": "The O'Jays", "decade": "1970s", "genre": "Disco", "mood": "good vibes"},
  {"title": "Every 1's a Winner", "artist": "Hot Chocolate", "decade": "1970s", "genre": "Disco", "mood": "motivational"},
  {"title": "Shame", "artist": "Evelyn King", "decade": "1970s", "genre": "Disco", "mood": "emotional"},
  {"title": "Sun Is Here", "artist": "Sun", "decade": "1970s", "genre": "Disco", "mood": "good vibes"},
  {"title": "Love Sensation", "artist": "Loleatta Holloway", "decade": "1980s", "genre": "Disco", "mood": "powerful"},
  {"title": "Inside Out", "artist": "Odyssey", "decade": "1980s", "genre": "Disco", "mood": "romantic"},
  {"title": "Happiness Is Just Around the Bend", "artist": "The Main Ingredient", "decade": "1970s", "genre": "Disco", "mood": "good vibes"},
  {"title": "Native New Yorker", "artist": "Odyssey", "decade": "1970s", "genre": "Disco", "mood": "good vibes"},
  {"title": "Heartbeat", "artist": "Taana Gardner", "decade": "1980s", "genre": "Disco", "mood": "romantic"},
  {"title": "Weekend", "artist": "Phreek", "decade": "1970s", "genre": "Disco", "mood": "good vibes"},
  {"title": "Love's Theme", "artist": "Love Unlimited Orchestra", "decade": "1970s", "genre": "Disco", "mood": "instrumental"},
  {"title": "Pick Up the Pieces", "artist": "Average White Band", "decade": "1970s", "genre": "Disco", "mood": "instrumental"},
  {"title": "Spacer", "artist": "Sheila and B. Devotion", "decade": "1980s", "genre": "Disco", "mood": "dance"},
  {"title": "Do It to the Music", "artist": "Raw Silk", "decade": "1980s", "genre": "Disco", "mood": "dance"},
  {"title": "Beat the Street", "artist": "Sharon Redd", "decade": "1980s", "genre": "Disco", "mood": "motivational"},
  {"title": "Searchin'", "artist": "Hazell Dean", "decade": "1980s", "genre": "Disco", "mood": "dance"},
  {"title": "Lovin' Is Really My Game", "artist": "Brainstorm", "decade": "1970s", "genre": "Disco", "mood": "dance"},
  {"title": "High Energy", "artist": "Evelyn Thomas", "decade": "1980s", "genre": "Disco", "mood": "powerful"},
  {"title": "I Feel for You", "artist": "Chaka Khan", "decade": "1980s", "genre": "Disco", "mood": "dance"},
  {"title": "Let the Music Play", "artist": "Shannon", "decade": "1980s", "genre": "Disco", "mood": "dance"},
  {"title": "Move On Up", "artist": "Curtis Mayfield", "decade": "1970s", "genre": "Disco", "mood": "motivational"},
  {"title": "Glide", "artist": "Pleasure", "decade": "1970s", "genre": "Disco", "mood": "good vibes"}
]