[
  {"title": "Endless Love", "artist": "Diana Ross & Lionel Richie", "mood": "emotional", "genre": "Love", "decade": "1980s"},
  {"title": "Unchained Melody", "artist": "The Righteous Brothers", "mood": "emotional", "genre": "Love", "decade": "1960s"},
  {"title": "My Heart Will Go On", "artist": "Celine Dion", "mood": "emotional", "genre": "Love", "decade": "1990s"},
  {"title": "I Will Always Love You", "artist": "Whitney Houston", "mood": "emotional", "genre": "Love", "decade": "1990s"},
  {"title": "Because You Loved Me", "artist": "Celine Dion", "mood": "peaceful", "genre": "Love", "decade": "1990s"},
  {"title": "All of Me", "artist": "John Legend", "mood": "peaceful", "genre": "Love", "decade": "2010s"},
  {"title": "Perfect", "artist": "Ed Sheeran", "mood": "peaceful", "genre": "Love", "decade": "2010s"},
  {"title": "Thinking Out Loud", "artist": "Ed Sheeran", "mood": "peaceful", "genre": "Love", "decade": "2010s"},
  {"title": "Something", "artist": "The Beatles", "mood": "peaceful", "genre": "Love", "decade": "1960s"},
  {"title": "And I Love Her", "artist": "The Beatles", "mood": "peaceful", "genre": "Love", "decade": "1960s"},
  {"title": "Your Song", "artist": "Elton John", "mood": "peaceful", "genre": "Love", "decade": "1970s"},
  {"title": "Can You Feel the Love Tonight", "artist": "Elton John", "mood": "peaceful", "genre": "Love", "decade": "1990s"},
  {"title": "How Deep Is Your Love", "artist": "Bee Gees", "mood": "peaceful", "genre": "Love", "decade": "1970s"},
  {"title": "To Love Somebody", "artist": "Bee Gees", "mood": "emotional", "genre": "Love", "decade": "1960s"},
  {"title": "More Than Words", "artist": "Extreme", "mood": "peaceful", "genre": "Love", "decade": "1990s"},
  {"title": "Truly Madly Deeply", "artist": "Savage Garden", "mood": "peaceful", "genre": "Love", "decade": "1990s"},
  {"title": "I Don't Want to Miss a Thing", "artist": "Aerosmith", "mood": "emotional", "genre": "Love", "decade": "1990s"},
  {"title": "Everything I Do (I Do It for You)", "artist": "Bryan Adams", "mood": "emotional", "genre": "Love", "decade": "1990s"},
  {"title": "Have I Told You Lately", "artist": "Van Morrison", "mood": "peaceful", "genre": "Love", "decade": "1990s"},
  {"title": "Kiss from a Rose", "artist": "Seal", "mood": "peaceful", "genre": "Love", "decade": "1990s"},
  {"title": "Let's Stay Together", "artist": "Al Green", "mood": "peaceful", "genre": "Love", "decade": "1970s"},
  {"title": "At Last", "artist": "Etta James", "mood": "peaceful", "genre": "Love", "decade": "1960s"},
  {"title": "Endless Love", "artist": "Mariah Carey & Luther Vandross", "mood": "peaceful", "genre": "Love", "decade": "1990s"},
  {"title": "Vision of Love", "artist": "Mariah Carey", "mood": "peaceful", "genre": "Love", "decade": "1990s"},
  {"title": "Always", "artist": "Bon Jovi", "mood": "emotional", "genre": "Love", "decade": "1990s"},
  {"title": "Thank You", "artist": "Dido", "mood": "peaceful", "genre": "Love", "decade": "2000s"},
  {"title": "My Love", "artist": "Paul McCartney & Wings", "mood": "peaceful", "genre": "Love", "decade": "1970s"},
  {"title": "Crazy Little Thing Called Love", "artist": "Queen", "mood": "good vibes", "genre": "Love", "decade": "1980s"},
  {"title": "Love of My Life", "artist": "Queen", "mood": "emotional", "genre": "Love", "decade": "1970s"},
  {"title": "I Just Called to Say I Love You", "artist": "Stevie Wonder", "mood": "peaceful", "genre": "Love", "decade": "1980s"},
  {"title": "You Are the Sunshine of My Life", "artist": "Stevie Wonder", "mood": "happy", "genre": "Love", "decade": "1970s"},
  {"title": "My Cherie Amour", "artist": "Stevie Wonder", "mood": "peaceful", "genre": "Love", "decade": "1970s"},
  {"title": "Ribbon in the Sky", "artist": "Stevie Wonder", "mood": "peaceful", "genre": "Love", "decade": "1980s"},
  {"title": "Just the Way You Are", "artist": "Billy Joel", "mood": "peaceful", "genre": "Love", "decade": "1970s"},
  {"title": "She's Got a Way", "artist": "Billy Joel", "mood": "peaceful", "genre": "Love", "decade": "1980s"},
  {"title": "Always and Forever", "artist": "Luther Vandross", "mood": "peaceful", "genre": "Love", "decade": "1980s"},
  {"title": "Here and Now", "artist": "Luther Vandross", "mood": "peaceful", "genre": "Love", "decade": "1990s"},
  {"title": "Love Me Tender", "artist": "Elvis Presley", "mood": "peaceful", "genre": "Love", "decade": "1960s"},
  {"title": "Can't Help Falling in Love", "artist": "Elvis Presley", "mood": "peaceful", "genre": "Love", "decade": "1960s"},
  {"title": "Wonderful Tonight", "artist": "Eric Clapton", "mood": "peaceful", "genre": "Love", "decade": "1970s"},
  {"title": "Layla (Acoustic)", "artist": "Eric Clapton", "mood": "emotional", "genre": "Love", "decade": "1990s"},
  {"title": "Lady in Red", "artist": "Chris de Burgh", "mood": "peaceful", "genre": "Love", "decade": "1980s"},
  {"title": "Right Here Waiting", "artist": "Richard Marx", "mood": "peaceful", "genre": "Love", "decade": "1980s"},
  {"title": "Now and Forever", "artist": "Richard Marx", "mood": "peaceful", "genre": "Love", "decade": "1990s"},
  {"title": "Forever and Ever, Amen", "artist": "Randy Travis", "mood": "peaceful", "genre": "Love", "decade": "1980s"},
  {"title": "From This Moment On", "artist": "Shania Twain", "mood": "peaceful", "genre": "Love", "decade": "1990s"},
  {"title": "You're Still the One", "artist": "Shania Twain", "mood": "peaceful", "genre": "Love", "decade": "1990s"},
  {"title": "When You Say Nothing at All", "artist": "Alison Krauss", "mood": "peaceful", "genre": "Love", "decade": "1990s"},
  {"title": "Make You Feel My Love", "artist": "Adele", "mood": "emotional", "genre": "Love", "decade": "2010s"},
  {"title": "Someone Like You", "artist": "Adele", "mood": "sad", "genre": "Love", "decade": "2010s"},
  {"title": "Hello", "artist": "Adele", "mood": "emotional", "genre": "Love", "decade": "2010s"},
  {"title": "When We Were Young", "artist": "Adele", "mood": "emotional", "genre": "Love", "decade": "2010s"},
  {"title": "Set Fire to the Rain", "artist": "Adele", "mood": "emotional", "genre": "Love", "decade": "2010s"},
  {"title": "Love Song", "artist": "Sara Bareilles", "mood": "happy", "genre": "Love", "decade": "2000s"},
  {"title": "Gravity", "artist": "Sara Bareilles", "mood": "peaceful", "genre": "Love", "decade": "2000s"},
  {"title": "Bubbly", "artist": "Colbie Caillat", "mood": "happy", "genre": "Love", "decade": "2000s"},
  {"title": "Realize", "artist": "Colbie Caillat", "mood": "peaceful", "genre": "Love", "decade": "2000s"},
  {"title": "Try", "artist": "Colbie Caillat", "mood": "peaceful", "genre": "Love", "decade": "2010s"},
  {"title": "Marry Me", "artist": "Train", "mood": "peaceful", "genre": "Love", "decade": "2010s"},
  {"title": "Drops of Jupiter", "artist": "Train", "mood": "peaceful", "genre": "Love", "decade": "2000s"},
  {"title": "Calling All Angels", "artist": "Train", "mood": "peaceful", "genre": "Love", "decade": "2000s"},
  {"title": "Hey There Delilah", "artist": "Plain White T�s", "mood": "peaceful", "genre": "Love", "decade": "2000s"},
  {"title": "1, 2, 3, 4", "artist": "Plain White T�s", "mood": "happy", "genre": "Love", "decade": "2000s"},
  {"title": "A Thousand Years", "artist": "Christina Perri", "mood": "peaceful", "genre": "Love", "decade": "2010s"},
  {"title": "Jar of Hearts", "artist": "Christina Perri", "mood": "sad", "genre": "Love", "decade": "2010s"},
  {"title": "Human", "artist": "Christina Perri", "mood": "emotional", "genre": "Love", "decade": "2010s"},
  {"title": "Arms", "artist": "Christina Perri", "mood": "peaceful", "genre": "Love", "decade": "2010s"}
]