[
  {"title": "Enter Sandman", "artist": "Metallica", "mood": "powerful", "genre": "Metal", "decade": "1990s"},
  {"title": "Master of Puppets", "artist": "Metallica", "mood": "powerful", "genre": "Metal", "decade": "1980s"},
  {"title": "One", "artist": "Metallica", "mood": "emotional", "genre": "Metal", "decade": "1980s"},
  {"title": "Fade to Black", "artist": "Metallica", "mood": "sad", "genre": "Metal", "decade": "1980s"},
  {"title": "For Whom the Bell Tolls", "artist": "Metallica", "mood": "powerful", "genre": "Metal", "decade": "1980s"},
  {"title": "Seek & Destroy", "artist": "Metallica", "mood": "good vibes", "genre": "Metal", "decade": "1980s"},
  {"title": "Battery", "artist": "Metallica", "mood": "powerful", "genre": "Metal", "decade": "1980s"},
  {"title": "Sad but True", "artist": "Metallica", "mood": "sad", "genre": "Metal", "decade": "1990s"},
  {"title": "Nothing Else Matters", "artist": "Metallica", "mood": "peaceful", "genre": "Metal", "decade": "1990s"},
  {"title": "Creeping Death", "artist": "Metallica", "mood": "powerful", "genre": "Metal", "decade": "1980s"},
  {"title": "Hallowed Be Thy Name", "artist": "Iron Maiden", "mood": "emotional", "genre": "Metal", "decade": "1980s"},
  {"title": "The Trooper", "artist": "Iron Maiden", "mood": "motivational", "genre": "Metal", "decade": "1980s"},
  {"title": "Aces High", "artist": "Iron Maiden", "mood": "powerful", "genre": "Metal", "decade": "1980s"},
  {"title": "Run to the Hills", "artist": "Iron Maiden", "mood": "motivational", "genre": "Metal", "decade": "1980s"},
  {"title": "Fear of the Dark", "artist": "Iron Maiden", "mood": "emotional", "genre": "Metal", "decade": "1990s"},
  {"title": "Wasted Years", "artist": "Iron Maiden", "mood": "emotional", "genre": "Metal", "decade": "1980s"},
  {"title": "Flight of Icarus", "artist": "Iron Maiden", "mood": "motivational", "genre": "Metal", "decade": "1980s"},
  {"title": "Phantom of the Opera", "artist": "Iron Maiden", "mood": "instrumental", "genre": "Metal", "decade": "1980s"},
  {"title": "Children of the Damned", "artist": "Iron Maiden", "mood": "sad", "genre": "Metal", "decade": "1980s"},
  {"title": "Rime of the Ancient Mariner", "artist": "Iron Maiden", "mood": "instrumental", "genre": "Metal", "decade": "1980s"},
  {"title": "Holy Wars...The Punishment Due", "artist": "Megadeth", "mood": "powerful", "genre": "Metal", "decade": "1990s"},
  {"title": "Hangar 18", "artist": "Megadeth", "mood": "instrumental", "genre": "Metal", "decade": "1990s"},
  {"title": "Peace Sells", "artist": "Megadeth", "mood": "motivational", "genre": "Metal", "decade": "1980s"},
  {"title": "Symphony of Destruction", "artist": "Megadeth", "mood": "powerful", "genre": "Metal", "decade": "1990s"},
  {"title": "Tornado of Souls", "artist": "Megadeth", "mood": "good vibes", "genre": "Metal", "decade": "1990s"},
  {"title": "In My Darkest Hour", "artist": "Megadeth", "mood": "sad", "genre": "Metal", "decade": "1980s"},
  {"title": "Countdown to Extinction", "artist": "Megadeth", "mood": "emotional", "genre": "Metal", "decade": "1990s"},
  {"title": "Sweating Bullets", "artist": "Megadeth", "mood": "good vibes", "genre": "Metal", "decade": "1990s"},
  {"title": "Wake Up Dead", "artist": "Megadeth", "mood": "powerful", "genre": "Metal", "decade": "1980s"},
  {"title": "Rust in Peace...Polaris", "artist": "Megadeth", "mood": "instrumental", "genre": "Metal", "decade": "1990s"},
  {"title": "Raining Blood", "artist": "Slayer", "mood": "powerful", "genre": "Metal", "decade": "1980s"},
  {"title": "Angel of Death", "artist": "Slayer", "mood": "powerful", "genre": "Metal", "decade": "1980s"},
  {"title": "Seasons in the Abyss", "artist": "Slayer", "mood": "sad", "genre": "Metal", "decade": "1990s"},
  {"title": "South of Heaven", "artist": "Slayer", "mood": "calming", "genre": "Metal", "decade": "1980s"},
  {"title": "War Ensemble", "artist": "Slayer", "mood": "powerful", "genre": "Metal", "decade": "1990s"},
  {"title": "Dead Skin Mask", "artist": "Slayer", "mood": "sad", "genre": "Metal", "decade": "1990s"},
  {"title": "Disciple", "artist": "Slayer", "mood": "motivational", "genre": "Metal", "decade": "2000s"},
  {"title": "Chemical Warfare", "artist": "Slayer", "mood": "powerful", "genre": "Metal", "decade": "1980s"},
  {"title": "Exile", "artist": "Slayer", "mood": "good vibes", "genre": "Metal", "decade": "2000s"},
  {"title": "World Painted Blood", "artist": "Slayer", "mood": "emotional", "genre": "Metal", "decade": "2010s"},
  {"title": "Painkiller", "artist": "Judas Priest", "mood": "powerful", "genre": "Metal", "decade": "1990s"},
  {"title": "Breaking the Law", "artist": "Judas Priest", "mood": "motivational", "genre": "Metal", "decade": "1980s"},
  {"title": "Living After Midnight", "artist": "Judas Priest", "mood": "good vibes", "genre": "Metal", "decade": "1980s"},
  {"title": "Hell Bent for Leather", "artist": "Judas Priest", "mood": "powerful", "genre": "Metal", "decade": "1970s"},
  {"title": "The Hellion", "artist": "Judas Priest", "mood": "instrumental", "genre": "Metal", "decade": "1980s"},
  {"title": "You've Got Another Thing Comin'", "artist": "Judas Priest", "mood": "motivational", "genre": "Metal", "decade": "1980s"},
  {"title": "Electric Eye", "artist": "Judas Priest", "mood": "powerful", "genre": "Metal", "decade": "1980s"},
  {"title": "Turbo Lover", "artist": "Judas Priest", "mood": "dance", "genre": "Metal", "decade": "1980s"},
  {"title": "Beyond the Realms of Death", "artist": "Judas Priest", "mood": "emotional", "genre": "Metal", "decade": "1970s"},
  {"title": "Victim of Changes", "artist": "Judas Priest", "mood": "sad", "genre": "Metal", "decade": "1970s"},
  {"title": "Cowboys from Hell", "artist": "Pantera", "mood": "powerful", "genre": "Metal", "decade": "1990s"},
  {"title": "Cemetery Gates", "artist": "Pantera", "mood": "emotional", "genre": "Metal", "decade": "1990s"},
  {"title": "Walk", "artist": "Pantera", "mood": "motivational", "genre": "Metal", "decade": "1990s"},
  {"title": "This Love", "artist": "Pantera", "mood": "sad", "genre": "Metal", "decade": "1990s"},
  {"title": "I'm Broken", "artist": "Pantera", "mood": "powerful", "genre": "Metal", "decade": "1990s"},
  {"title": "Domination", "artist": "Pantera", "mood": "powerful", "genre": "Metal", "decade": "1990s"},
  {"title": "Revolution Is My Name", "artist": "Pantera", "mood": "motivational", "genre": "Metal", "decade": "2000s"},
  {"title": "5 Minutes Alone", "artist": "Pantera", "mood": "good vibes", "genre": "Metal", "decade": "1990s"},
  {"title": "Floods", "artist": "Pantera", "mood": "instrumental", "genre": "Metal", "decade": "1990s"},
  {"title": "Planet Caravan", "artist": "Pantera", "mood": "peaceful", "genre": "Metal", "decade": "1990s"},
  {"title": "Duality", "artist": "Slipknot", "mood": "powerful", "genre": "Metal", "decade": "2000s"},
  {"title": "Psychosocial", "artist": "Slipknot", "mood": "motivational", "genre": "Metal", "decade": "2000s"},
  {"title": "Wait and Bleed", "artist": "Slipknot", "mood": "emotional", "genre": "Metal", "decade": "1990s"},
  {"title": "Before I Forget", "artist": "Slipknot", "mood": "motivational", "genre": "Metal", "decade": "2000s"},
  {"title": "The Heretic Anthem", "artist": "Slipknot", "mood": "powerful", "genre": "Metal", "decade": "2000s"},
  {"title": "Snuff", "artist": "Slipknot", "mood": "sad", "genre": "Metal", "decade": "2000s"},
  {"title": "Sulfur", "artist": "Slipknot", "mood": "powerful", "genre": "Metal", "decade": "2000s"},
  {"title": "Vermilion Pt. 2", "artist": "Slipknot", "mood": "peaceful", "genre": "Metal", "decade": "2000s"},
  {"title": "All Out Life", "artist": "Slipknot", "mood": "good vibes", "genre": "Metal", "decade": "2010s"},
  {"title": "Unsainted", "artist": "Slipknot", "mood": "powerful", "genre": "Metal", "decade": "2010s"},
  {"title": "Chop Suey!", "artist": "System of a Down", "mood": "emotional", "genre": "Metal", "decade": "2000s"},
  {"title": "Toxicity", "artist": "System of a Down", "mood": "powerful", "genre": "Metal", "decade": "2000s"},
  {"title": "Aerials", "artist": "System of a Down", "mood": "peaceful", "genre": "Metal", "decade": "2000s"},
  {"title": "B.Y.O.B.", "artist": "System of a Down", "mood": "motivational", "genre": "Metal", "decade": "2000s"},
  {"title": "Hypnotize", "artist": "System of a Down", "mood": "good vibes", "genre": "Metal", "decade": "2000s"},
  {"title": "Lonely Day", "artist": "System of a Down", "mood": "sad", "genre": "Metal", "decade": "2000s"},
  {"title": "Spiders", "artist": "System of a Down", "mood": "peaceful", "genre": "Metal", "decade": "1990s"},
  {"title": "Question!", "artist": "System of a Down", "mood": "emotional", "genre": "Metal", "decade": "2000s"},
  {"title": "Deer Dance", "artist": "System of a Down", "mood": "powerful", "genre": "Metal", "decade": "2000s"},
  {"title": "Holy Mountains", "artist": "System of a Down", "mood": "instrumental", "genre": "Metal", "decade": "2000s"},
  {"title": "Black Sabbath", "artist": "Black Sabbath", "mood": "sad", "genre": "Metal", "decade": "1970s"},
  {"title": "Paranoid", "artist": "Black Sabbath", "mood": "motivational", "genre": "Metal", "decade": "1970s"},
  {"title": "War Pigs", "artist": "Black Sabbath", "mood": "powerful", "genre": "Metal", "decade": "1970s"},
  {"title": "Iron Man", "artist": "Black Sabbath", "mood": "powerful", "genre": "Metal", "decade": "1970s"},
  {"title": "N.I.B.", "artist": "Black Sabbath", "mood": "good vibes", "genre": "Metal", "decade": "1970s"},
  {"title": "Sweet Leaf", "artist": "Black Sabbath", "mood": "peaceful", "genre": "Metal", "decade": "1970s"},
  {"title": "Children of the Grave", "artist": "Black Sabbath", "mood": "powerful", "genre": "Metal", "decade": "1970s"},
  {"title": "Sabbath Bloody Sabbath", "artist": "Black Sabbath", "mood": "emotional", "genre": "Metal", "decade": "1970s"},
  {"title": "Into the Void", "artist": "Black Sabbath", "mood": "instrumental", "genre": "Metal", "decade": "1970s"},
  {"title": "Heaven and Hell", "artist": "Black Sabbath", "mood": "motivational", "genre": "Metal", "decade": "1980s"}
]