[
  {"title": "Billie Jean", "artist": "Michael Jackson", "mood": "dance", "genre": "Pop", "decade": "1980s"},
  {"title": "Like a Prayer", "artist": "Madonna", "mood": "emotional", "genre": "Pop", "decade": "1980s"},
  {"title": "Vogue", "artist": "Madonna", "mood": "dance", "genre": "Pop", "decade": "1990s"},
  {"title": "Thriller", "artist": "Michael Jackson", "mood": "good vibes", "genre": "Pop", "decade": "1980s"},
  {"title": "Material Girl", "artist": "Madonna", "mood": "happy", "genre": "Pop", "decade": "1980s"},
  {"title": "Beat It", "artist": "Michael Jackson", "mood": "powerful", "genre": "Pop", "decade": "1980s"},
  {"title": "Man in the Mirror", "artist": "Michael Jackson", "mood": "emotional", "genre": "Pop", "decade": "1980s"},
  {"title": "Holiday", "artist": "Madonna", "mood": "good vibes", "genre": "Pop", "decade": "1980s"},
  {"title": "Crazy for You", "artist": "Madonna", "mood": "emotional", "genre": "Pop", "decade": "1980s"},
  {"title": "Papa Don't Preach", "artist": "Madonna", "mood": "motivational", "genre": "Pop", "decade": "1980s"},
  {"title": "Shake It Off", "artist": "Taylor Swift", "mood": "happy", "genre": "Pop", "decade": "2010s"},
  {"title": "Blank Space", "artist": "Taylor Swift", "mood": "emotional", "genre": "Pop", "decade": "2010s"},
  {"title": "Love Story", "artist": "Taylor Swift", "mood": "emotional", "genre": "Pop", "decade": "2000s"},
  {"title": "You Belong With Me", "artist": "Taylor Swift", "mood": "happy", "genre": "Pop", "decade": "2000s"},
  {"title": "Delicate", "artist": "Taylor Swift", "mood": "peaceful", "genre": "Pop", "decade": "2010s"},
  {"title": "Bad Blood", "artist": "Taylor Swift", "mood": "powerful", "genre": "Pop", "decade": "2010s"},
  {"title": "Cardigan", "artist": "Taylor Swift", "mood": "calming", "genre": "Pop", "decade": "2020s"},
  {"title": "Lover", "artist": "Taylor Swift", "mood": "peaceful", "genre": "Pop", "decade": "2010s"},
  {"title": "Anti-Hero", "artist": "Taylor Swift", "mood": "emotional", "genre": "Pop", "decade": "2020s"},
  {"title": "We Are Never Ever Getting Back Together", "artist": "Taylor Swift", "mood": "happy", "genre": "Pop", "decade": "2010s"},
  {"title": "Shape of You", "artist": "Ed Sheeran", "mood": "dance", "genre": "Pop", "decade": "2010s"},
  {"title": "Perfect", "artist": "Ed Sheeran", "mood": "peaceful", "genre": "Pop", "decade": "2010s"},
  {"title": "Photograph", "artist": "Ed Sheeran", "mood": "emotional", "genre": "Pop", "decade": "2010s"},
  {"title": "Thinking Out Loud", "artist": "Ed Sheeran", "mood": "emotional", "genre": "Pop", "decade": "2010s"},
  {"title": "Castle on the Hill", "artist": "Ed Sheeran", "mood": "motivational", "genre": "Pop", "decade": "2010s"},
  {"title": "Bad Habits", "artist": "Ed Sheeran", "mood": "good vibes", "genre": "Pop", "decade": "2020s"},
  {"title": "Overpass Graffiti", "artist": "Ed Sheeran", "mood": "good vibes", "genre": "Pop", "decade": "2020s"},
  {"title": "Happier", "artist": "Ed Sheeran", "mood": "sad", "genre": "Pop", "decade": "2010s"},
  {"title": "South of the Border", "artist": "Ed Sheeran", "mood": "dance", "genre": "Pop", "decade": "2010s"},
  {"title": "Shivers", "artist": "Ed Sheeran", "mood": "dance", "genre": "Pop", "decade": "2020s"},
  {"title": "Poker Face", "artist": "Lady Gaga", "mood": "dance", "genre": "Pop", "decade": "2000s"},
  {"title": "Bad Romance", "artist": "Lady Gaga", "mood": "powerful", "genre": "Pop", "decade": "2000s"},
  {"title": "Just Dance", "artist": "Lady Gaga", "mood": "dance", "genre": "Pop", "decade": "2000s"},
  {"title": "Born This Way", "artist": "Lady Gaga", "mood": "motivational", "genre": "Pop", "decade": "2010s"},
  {"title": "Million Reasons", "artist": "Lady Gaga", "mood": "emotional", "genre": "Pop", "decade": "2010s"},
  {"title": "Stupid Love", "artist": "Lady Gaga", "mood": "happy", "genre": "Pop", "decade": "2020s"},
  {"title": "Applause", "artist": "Lady Gaga", "mood": "good vibes", "genre": "Pop", "decade": "2010s"},
  {"title": "Alejandro", "artist": "Lady Gaga", "mood": "dance", "genre": "Pop", "decade": "2010s"},
  {"title": "The Edge of Glory", "artist": "Lady Gaga", "mood": "motivational", "genre": "Pop", "decade": "2010s"},
  {"title": "Always Remember Us This Way", "artist": "Lady Gaga", "mood": "emotional", "genre": "Pop", "decade": "2010s"},
  {"title": "Halo", "artist": "Beyonc?", "mood": "emotional", "genre": "Pop", "decade": "2000s"},
  {"title": "Crazy in Love", "artist": "Beyonc?", "mood": "dance", "genre": "Pop", "decade": "2000s"},
  {"title": "Irreplaceable", "artist": "Beyonc?", "mood": "emotional", "genre": "Pop", "decade": "2000s"},
  {"title": "Single Ladies", "artist": "Beyonc?", "mood": "dance", "genre": "Pop", "decade": "2000s"},
  {"title": "Love on Top", "artist": "Beyonc?", "mood": "happy", "genre": "Pop", "decade": "2010s"},
  {"title": "Run the World (Girls)", "artist": "Beyonc?", "mood": "powerful", "genre": "Pop", "decade": "2010s"},
  {"title": "If I Were a Boy", "artist": "Beyonc?", "mood": "sad", "genre": "Pop", "decade": "2000s"},
  {"title": "Sweet Dreams", "artist": "Beyonc?", "mood": "dance", "genre": "Pop", "decade": "2000s"},
  {"title": "Drunk in Love", "artist": "Beyonc?", "mood": "good vibes", "genre": "Pop", "decade": "2010s"},
  {"title": "XO", "artist": "Beyonc?", "mood": "peaceful", "genre": "Pop", "decade": "2010s"},
  {"title": "Uptown Funk", "artist": "Mark Ronson ft. Bruno Mars", "mood": "dance", "genre": "Pop", "decade": "2010s"},
  {"title": "Locked Out of Heaven", "artist": "Bruno Mars", "mood": "dance", "genre": "Pop", "decade": "2010s"},
  {"title": "Just the Way You Are", "artist": "Bruno Mars", "mood": "emotional", "genre": "Pop", "decade": "2010s"},
  {"title": "Grenade", "artist": "Bruno Mars", "mood": "sad", "genre": "Pop", "decade": "2010s"},
  {"title": "Treasure", "artist": "Bruno Mars", "mood": "good vibes", "genre": "Pop", "decade": "2010s"},
  {"title": "24K Magic", "artist": "Bruno Mars", "mood": "dance", "genre": "Pop", "decade": "2010s"},
  {"title": "That's What I Like", "artist": "Bruno Mars", "mood": "good vibes", "genre": "Pop", "decade": "2010s"},
  {"title": "Versace on the Floor", "artist": "Bruno Mars", "mood": "peaceful", "genre": "Pop", "decade": "2010s"},
  {"title": "Talking to the Moon", "artist": "Bruno Mars", "mood": "sad", "genre": "Pop", "decade": "2010s"},
  {"title": "Finesse", "artist": "Bruno Mars", "mood": "dance", "genre": "Pop", "decade": "2010s"},
  {"title": "Firework", "artist": "Katy Perry", "mood": "motivational", "genre": "Pop", "decade": "2010s"},
  {"title": "Roar", "artist": "Katy Perry", "mood": "motivational", "genre": "Pop", "decade": "2010s"},
  {"title": "Teenage Dream", "artist": "Katy Perry", "mood": "happy", "genre": "Pop", "decade": "2010s"},
  {"title": "Last Friday Night", "artist": "Katy Perry", "mood": "good vibes", "genre": "Pop", "decade": "2010s"},
  {"title": "California Gurls", "artist": "Katy Perry", "mood": "dance", "genre": "Pop", "decade": "2010s"},
  {"title": "Dark Horse", "artist": "Katy Perry", "mood": "powerful", "genre": "Pop", "decade": "2010s"},
  {"title": "E.T.", "artist": "Katy Perry", "mood": "emotional", "genre": "Pop", "decade": "2010s"},
  {"title": "Wide Awake", "artist": "Katy Perry", "mood": "sad", "genre": "Pop", "decade": "2010s"},
  {"title": "The One That Got Away", "artist": "Katy Perry", "mood": "sad", "genre": "Pop", "decade": "2010s"},
  {"title": "Unconditionally", "artist": "Katy Perry", "mood": "peaceful", "genre": "Pop", "decade": "2010s"},
  {"title": "Happy", "artist": "Pharrell Williams", "mood": "happy", "genre": "Pop", "decade": "2010s"},
  {"title": "Blurred Lines", "artist": "Robin Thicke", "mood": "dance", "genre": "Pop", "decade": "2010s"},
  {"title": "Counting Stars", "artist": "OneRepublic", "mood": "motivational", "genre": "Pop", "decade": "2010s"},
  {"title": "Secrets", "artist": "OneRepublic", "mood": "emotional", "genre": "Pop", "decade": "2010s"},
  {"title": "Apologize", "artist": "OneRepublic", "mood": "sad", "genre": "Pop", "decade": "2000s"},
  {"title": "Good Life", "artist": "OneRepublic", "mood": "good vibes", "genre": "Pop", "decade": "2010s"},
  {"title": "Stop and Stare", "artist": "OneRepublic", "mood": "emotional", "genre": "Pop", "decade": "2000s"},
  {"title": "Love Runs Out", "artist": "OneRepublic", "mood": "powerful", "genre": "Pop", "decade": "2010s"},
  {"title": "Wherever I Go", "artist": "OneRepublic", "mood": "dance", "genre": "Pop", "decade": "2010s"},
  {"title": "If I Lose Myself", "artist": "OneRepublic", "mood": "dance", "genre": "Pop", "decade": "2010s"},
  {"title": "I Lived", "artist": "OneRepublic", "mood": "motivational", "genre": "Pop", "decade": "2010s"},
  {"title": "Memories", "artist": "Maroon 5", "mood": "peaceful", "genre": "Pop", "decade": "2020s"},
  {"title": "Sugar", "artist": "Maroon 5", "mood": "happy", "genre": "Pop", "decade": "2010s"},
  {"title": "Girls Like You", "artist": "Maroon 5", "mood": "peaceful", "genre": "Pop", "decade": "2010s"},
  {"title": "Animals", "artist": "Maroon 5", "mood": "powerful", "genre": "Pop", "decade": "2010s"},
  {"title": "Maps", "artist": "Maroon 5", "mood": "emotional", "genre": "Pop", "decade": "2010s"},
  {"title": "Payphone", "artist": "Maroon 5", "mood": "sad", "genre": "Pop", "decade": "2010s"},
  {"title": "Moves Like Jagger", "artist": "Maroon 5", "mood": "dance", "genre": "Pop", "decade": "2010s"},
  {"title": "She Will Be Loved", "artist": "Maroon 5", "mood": "emotional", "genre": "Pop", "decade": "2000s"},
  {"title": "This Love", "artist": "Maroon 5", "mood": "good vibes", "genre": "Pop", "decade": "2000s"},
  {"title": "Won't Go Home Without You", "artist": "Maroon 5", "mood": "sad", "genre": "Pop", "decade": "2000s"}
]