[
  {"title": "Bohemian Rhapsody", "artist": "Queen", "mood": "emotional", "genre": "Rock", "decade": "1970s"},
  {"title": "Stairway to Heaven", "artist": "Led Zeppelin", "mood": "emotional", "genre": "Rock", "decade": "1970s"},
  {"title": "Hotel California", "artist": "Eagles", "mood": "peaceful", "genre": "Rock", "decade": "1970s"},
  {"title": "Sweet Child O' Mine", "artist": "Guns N' Roses", "mood": "happy", "genre": "Rock", "decade": "1980s"},
  {"title": "Smoke on the Water", "artist": "Deep Purple", "mood": "powerful", "genre": "Rock", "decade": "1970s"},
  {"title": "Born to Run", "artist": "Bruce Springsteen", "mood": "motivational", "genre": "Rock", "decade": "1970s"},
  {"title": "Free Bird", "artist": "Lynyrd Skynyrd", "mood": "emotional", "genre": "Rock", "decade": "1970s"},
  {"title": "Paint It Black", "artist": "The Rolling Stones", "mood": "sad", "genre": "Rock", "decade": "1960s"},
  {"title": "Livin' on a Prayer", "artist": "Bon Jovi", "mood": "motivational", "genre": "Rock", "decade": "1980s"},
  {"title": "Highway to Hell", "artist": "AC/DC", "mood": "good vibes", "genre": "Rock", "decade": "1970s"},
  {"title": "We Will Rock You", "artist": "Queen", "mood": "powerful", "genre": "Rock", "decade": "1970s"},
  {"title": "Another Brick in the Wall", "artist": "Pink Floyd", "mood": "calming", "genre": "Rock", "decade": "1970s"},
  {"title": "You Shook Me All Night Long", "artist": "AC/DC", "mood": "good vibes", "genre": "Rock", "decade": "1980s"},
  {"title": "November Rain", "artist": "Guns N' Roses", "mood": "sad", "genre": "Rock", "decade": "1990s"},
  {"title": "Kashmir", "artist": "Led Zeppelin", "mood": "powerful", "genre": "Rock", "decade": "1970s"},
  {"title": "Jumpin' Jack Flash", "artist": "The Rolling Stones", "mood": "good vibes", "genre": "Rock", "decade": "1960s"},
  {"title": "Dream On", "artist": "Aerosmith", "mood": "emotional", "genre": "Rock", "decade": "1970s"},
  {"title": "Back in Black", "artist": "AC/DC", "mood": "powerful", "genre": "Rock", "decade": "1980s"},
  {"title": "Paradise City", "artist": "Guns N' Roses", "mood": "happy", "genre": "Rock", "decade": "1980s"},
  {"title": "Comfortably Numb", "artist": "Pink Floyd", "mood": "calming", "genre": "Rock", "decade": "1970s"},
  {"title": "Start Me Up", "artist": "The Rolling Stones", "mood": "good vibes", "genre": "Rock", "decade": "1980s"},
  {"title": "Sultans of Swing", "artist": "Dire Straits", "mood": "calming", "genre": "Rock", "decade": "1970s"},
  {"title": "Ramble On", "artist": "Led Zeppelin", "mood": "happy", "genre": "Rock", "decade": "1960s"},
  {"title": "Don't Stop Believin'", "artist": "Journey", "mood": "motivational", "genre": "Rock", "decade": "1980s"},
  {"title": "Proud Mary", "artist": "Creedence Clearwater Revival", "mood": "happy", "genre": "Rock", "decade": "1960s"},
  {"title": "Light My Fire", "artist": "The Doors", "mood": "dance", "genre": "Rock", "decade": "1960s"},
  {"title": "Layla", "artist": "Derek and the Dominos", "mood": "emotional", "genre": "Rock", "decade": "1970s"},
  {"title": "Whole Lotta Love", "artist": "Led Zeppelin", "mood": "powerful", "genre": "Rock", "decade": "1970s"},
  {"title": "I Love Rock 'n Roll", "artist": "Joan Jett & The Blackhearts", "mood": "good vibes", "genre": "Rock", "decade": "1980s"},
  {"title": "Go Your Own Way", "artist": "Fleetwood Mac", "mood": "emotional", "genre": "Rock", "decade": "1970s"},
  {"title": "The Joker", "artist": "Steve Miller Band", "mood": "good vibes", "genre": "Rock", "decade": "1970s"},
  {"title": "Bad to the Bone", "artist": "George Thorogood & The Destroyers", "mood": "powerful", "genre": "Rock", "decade": "1980s"},
  {"title": "Rebel Yell", "artist": "Billy Idol", "mood": "good vibes", "genre": "Rock", "decade": "1980s"},
  {"title": "Sharp Dressed Man", "artist": "ZZ Top", "mood": "dance", "genre": "Rock", "decade": "1980s"},
  {"title": "Carry On Wayward Son", "artist": "Kansas", "mood": "motivational", "genre": "Rock", "decade": "1970s"},
  {"title": "All Right Now", "artist": "Free", "mood": "good vibes", "genre": "Rock", "decade": "1970s"},
  {"title": "American Woman", "artist": "The Guess Who", "mood": "powerful", "genre": "Rock", "decade": "1970s"},
  {"title": "More Than a Feeling", "artist": "Boston", "mood": "emotional", "genre": "Rock", "decade": "1970s"},
  {"title": "Jessica", "artist": "The Allman Brothers Band", "mood": "instrumental", "genre": "Rock", "decade": "1970s"},
  {"title": "Roundabout", "artist": "Yes", "mood": "instrumental", "genre": "Rock", "decade": "1970s"},
  {"title": "Rock and Roll All Nite", "artist": "KISS", "mood": "dance", "genre": "Rock", "decade": "1970s"},
  {"title": "Sweet Emotion", "artist": "Aerosmith", "mood": "good vibes", "genre": "Rock", "decade": "1970s"},
  {"title": "Eruption", "artist": "Van Halen", "mood": "instrumental", "genre": "Rock", "decade": "1970s"},
  {"title": "Jump", "artist": "Van Halen", "mood": "happy", "genre": "Rock", "decade": "1980s"},
  {"title": "Panama", "artist": "Van Halen", "mood": "good vibes", "genre": "Rock", "decade": "1980s"},
  {"title": "Radar Love", "artist": "Golden Earring", "mood": "motivational", "genre": "Rock", "decade": "1970s"},
  {"title": "Have You Ever Seen the Rain?", "artist": "Creedence Clearwater Revival", "mood": "peaceful", "genre": "Rock", "decade": "1970s"},
  {"title": "Born on the Bayou", "artist": "Creedence Clearwater Revival", "mood": "good vibes", "genre": "Rock", "decade": "1960s"},
  {"title": "Time", "artist": "Pink Floyd", "mood": "peaceful", "genre": "Rock", "decade": "1970s"},
  {"title": "Rockin' in the Free World", "artist": "Neil Young", "mood": "motivational", "genre": "Rock", "decade": "1980s"},
  {"title": "Edge of Seventeen", "artist": "Stevie Nicks", "mood": "emotional", "genre": "Rock", "decade": "1980s"},
  {"title": "Refugee", "artist": "Tom Petty and the Heartbreakers", "mood": "motivational", "genre": "Rock", "decade": "1980s"},
  {"title": "Even Flow", "artist": "Pearl Jam", "mood": "powerful", "genre": "Rock", "decade": "1990s"},
  {"title": "Alive", "artist": "Pearl Jam", "mood": "motivational", "genre": "Rock", "decade": "1990s"},
  {"title": "Jeremy", "artist": "Pearl Jam", "mood": "sad", "genre": "Rock", "decade": "1990s"},
  {"title": "Black", "artist": "Pearl Jam", "mood": "sad", "genre": "Rock", "decade": "1990s"},
  {"title": "Better Man", "artist": "Pearl Jam", "mood": "emotional", "genre": "Rock", "decade": "1990s"},
  {"title": "Creep", "artist": "Radiohead", "mood": "sad", "genre": "Rock", "decade": "1990s"},
  {"title": "Paranoid Android", "artist": "Radiohead", "mood": "emotional", "genre": "Rock", "decade": "1990s"},
  {"title": "Karma Police", "artist": "Radiohead", "mood": "peaceful", "genre": "Rock", "decade": "1990s"},
  {"title": "My Iron Lung", "artist": "Radiohead", "mood": "emotional", "genre": "Rock", "decade": "1990s"},
  {"title": "Fake Plastic Trees", "artist": "Radiohead", "mood": "emotional", "genre": "Rock", "decade": "1990s"},
  {"title": "Californication", "artist": "Red Hot Chili Peppers", "mood": "peaceful", "genre": "Rock", "decade": "1990s"},
  {"title": "Scar Tissue", "artist": "Red Hot Chili Peppers", "mood": "peaceful", "genre": "Rock", "decade": "1990s"},
  {"title": "Otherside", "artist": "Red Hot Chili Peppers", "mood": "sad", "genre": "Rock", "decade": "1990s"},
  {"title": "By the Way", "artist": "Red Hot Chili Peppers", "mood": "good vibes", "genre": "Rock", "decade": "2000s"},
  {"title": "Dani California", "artist": "Red Hot Chili Peppers", "mood": "good vibes", "genre": "Rock", "decade": "2000s"},
  {"title": "Snow (Hey Oh)", "artist": "Red Hot Chili Peppers", "mood": "peaceful", "genre": "Rock", "decade": "2000s"},
  {"title": "Under the Bridge", "artist": "Red Hot Chili Peppers", "mood": "sad", "genre": "Rock", "decade": "1990s"},
  {"title": "Times Like These", "artist": "Foo Fighters", "mood": "motivational", "genre": "Rock", "decade": "2000s"},
  {"title": "Best of You", "artist": "Foo Fighters", "mood": "powerful", "genre": "Rock", "decade": "2000s"},
  {"title": "Everlong", "artist": "Foo Fighters", "mood": "emotional", "genre": "Rock", "decade": "1990s"},
  {"title": "The Pretender", "artist": "Foo Fighters", "mood": "powerful", "genre": "Rock", "decade": "2000s"},
  {"title": "Learn to Fly", "artist": "Foo Fighters", "mood": "good vibes", "genre": "Rock", "decade": "1990s"},
  {"title": "All My Life", "artist": "Foo Fighters", "mood": "powerful", "genre": "Rock", "decade": "2000s"},
  {"title": "Big Me", "artist": "Foo Fighters", "mood": "happy", "genre": "Rock", "decade": "1990s"},
  {"title": "Monkey Wrench", "artist": "Foo Fighters", "mood": "good vibes", "genre": "Rock", "decade": "1990s"},
  {"title": "Aurora", "artist": "Foo Fighters", "mood": "peaceful", "genre": "Rock", "decade": "1990s"},
  {"title": "Breakout", "artist": "Foo Fighters", "mood": "happy", "genre": "Rock", "decade": "2000s"},
  {"title": "These Days", "artist": "Foo Fighters", "mood": "emotional", "genre": "Rock", "decade": "2010s"},
  {"title": "Rope", "artist": "Foo Fighters", "mood": "powerful", "genre": "Rock", "decade": "2010s"},
  {"title": "My Hero", "artist": "Foo Fighters", "mood": "motivational", "genre": "Rock", "decade": "1990s"},
  {"title": "Long Road to Ruin", "artist": "Foo Fighters", "mood": "good vibes", "genre": "Rock", "decade": "2000s"}
]