[
  {"title": "Can't Help Falling in Love", "artist": "Elvis Presley", "mood": "peaceful", "genre": "Romantic", "decade": "1960s"},
  {"title": "The Power of Love", "artist": "Celine Dion", "mood": "emotional", "genre": "Romantic", "decade": "1990s"},
  {"title": "Unforgettable", "artist": "Nat King Cole", "mood": "peaceful", "genre": "Romantic", "decade": "1960s"},
  {"title": "When a Man Loves a Woman", "artist": "Percy Sledge", "mood": "emotional", "genre": "Romantic", "decade": "1960s"},
  {"title": "I Will Always Love You", "artist": "Whitney Houston", "mood": "emotional", "genre": "Romantic", "decade": "1990s"},
  {"title": "Endless Love", "artist": "Diana Ross & Lionel Richie", "mood": "emotional", "genre": "Romantic", "decade": "1980s"},
  {"title": "All of Me", "artist": "John Legend", "mood": "peaceful", "genre": "Romantic", "decade": "2010s"},
  {"title": "Amazed", "artist": "Lonestar", "mood": "peaceful", "genre": "Romantic", "decade": "1990s"},
  {"title": "You're Beautiful", "artist": "James Blunt", "mood": "peaceful", "genre": "Romantic", "decade": "2000s"},
  {"title": "Bleeding Love", "artist": "Leona Lewis", "mood": "emotional", "genre": "Romantic", "decade": "2000s"},
  {"title": "Chasing Cars", "artist": "Snow Patrol", "mood": "peaceful", "genre": "Romantic", "decade": "2000s"},
  {"title": "Everything I Do (I Do It for You)", "artist": "Bryan Adams", "mood": "emotional", "genre": "Romantic", "decade": "1990s"},
  {"title": "Truly Madly Deeply", "artist": "Savage Garden", "mood": "peaceful", "genre": "Romantic", "decade": "1990s"},
  {"title": "I Don't Want to Miss a Thing", "artist": "Aerosmith", "mood": "emotional", "genre": "Romantic", "decade": "1990s"},
  {"title": "She Will Be Loved", "artist": "Maroon 5", "mood": "peaceful", "genre": "Romantic", "decade": "2000s"},
  {"title": "Love Story", "artist": "Taylor Swift", "mood": "peaceful", "genre": "Romantic", "decade": "2000s"},
  {"title": "You Are the Sunshine of My Life", "artist": "Stevie Wonder", "mood": "happy", "genre": "Romantic", "decade": "1970s"},
  {"title": "Just the Way You Are", "artist": "Billy Joel", "mood": "peaceful", "genre": "Romantic", "decade": "1970s"},
  {"title": "Wonderful Tonight", "artist": "Eric Clapton", "mood": "peaceful", "genre": "Romantic", "decade": "1970s"},
  {"title": "Thinking Out Loud", "artist": "Ed Sheeran", "mood": "peaceful", "genre": "Romantic", "decade": "2010s"},
  {"title": "Perfect", "artist": "Ed Sheeran", "mood": "peaceful", "genre": "Romantic", "decade": "2010s"},
  {"title": "Halo", "artist": "Beyonc?", "mood": "emotional", "genre": "Romantic", "decade": "2000s"},
  {"title": "At Last", "artist": "Etta James", "mood": "peaceful", "genre": "Romantic", "decade": "1960s"},
  {"title": "Come Away With Me", "artist": "Norah Jones", "mood": "peaceful", "genre": "Romantic", "decade": "2000s"},
  {"title": "Breathe", "artist": "Faith Hill", "mood": "peaceful", "genre": "Romantic", "decade": "2000s"},
  {"title": "By Your Side", "artist": "Sade", "mood": "peaceful", "genre": "Romantic", "decade": "2000s"},
  {"title": "No Ordinary Love", "artist": "Sade", "mood": "emotional", "genre": "Romantic", "decade": "1990s"},
  {"title": "Kiss Me", "artist": "Sixpence None the Richer", "mood": "happy", "genre": "Romantic", "decade": "1990s"},
  {"title": "I Knew I Loved You", "artist": "Savage Garden", "mood": "peaceful", "genre": "Romantic", "decade": "1990s"},
  {"title": "You're Still the One", "artist": "Shania Twain", "mood": "peaceful", "genre": "Romantic", "decade": "1990s"},
  {"title": "Forever and For Always", "artist": "Shania Twain", "mood": "peaceful", "genre": "Romantic", "decade": "2000s"},
  {"title": "From This Moment On", "artist": "Shania Twain", "mood": "peaceful", "genre": "Romantic", "decade": "1990s"},
  {"title": "Marry You", "artist": "Bruno Mars", "mood": "happy", "genre": "Romantic", "decade": "2010s"},
  {"title": "Just the Way You Are", "artist": "Bruno Mars", "mood": "peaceful", "genre": "Romantic", "decade": "2010s"},
  {"title": "Treasure", "artist": "Bruno Mars", "mood": "good vibes", "genre": "Romantic", "decade": "2010s"},
  {"title": "A Thousand Years", "artist": "Christina Perri", "mood": "peaceful", "genre": "Romantic", "decade": "2010s"},
  {"title": "Jar of Hearts", "artist": "Christina Perri", "mood": "sad", "genre": "Romantic", "decade": "2010s"},
  {"title": "Human", "artist": "Christina Perri", "mood": "emotional", "genre": "Romantic", "decade": "2010s"},
  {"title": "Love Me Like You Do", "artist": "Ellie Goulding", "mood": "peaceful", "genre": "Romantic", "decade": "2010s"},
  {"title": "How Do I Live", "artist": "LeAnn Rimes", "mood": "peaceful", "genre": "Romantic", "decade": "1990s"},
  {"title": "I Need You", "artist": "LeAnn Rimes", "mood": "peaceful", "genre": "Romantic", "decade": "2000s"},
  {"title": "Right Here Waiting", "artist": "Richard Marx", "mood": "peaceful", "genre": "Romantic", "decade": "1980s"},
  {"title": "Now and Forever", "artist": "Richard Marx", "mood": "peaceful", "genre": "Romantic", "decade": "1990s"},
  {"title": "Lady in Red", "artist": "Chris de Burgh", "mood": "peaceful", "genre": "Romantic", "decade": "1980s"},
  {"title": "When I Fall in Love", "artist": "Celine Dion & Clive Griffin", "mood": "peaceful", "genre": "Romantic", "decade": "1990s"},
  {"title": "Beauty and the Beast", "artist": "Celine Dion & Peabo Bryson", "mood": "peaceful", "genre": "Romantic", "decade": "1990s"},
  {"title": "Because You Loved Me", "artist": "Celine Dion", "mood": "peaceful", "genre": "Romantic", "decade": "1990s"},
  {"title": "All By Myself", "artist": "Celine Dion", "mood": "emotional", "genre": "Romantic", "decade": "1990s"},
  {"title": "Have I Told You Lately", "artist": "Rod Stewart", "mood": "peaceful", "genre": "Romantic", "decade": "1990s"}
]